{"mean": [-587.525146484375, 1.2746235132217407, 4.29672908782959, 1.3649357557296753, -5.119400978088379, -6.263033390045166, -7.047708034515381, -6.647825241088867, -4.3960347175598145, -3.6873230934143066, -3.4084320068359375, -2.2613699436187744, -2.830254316329956, -2.088841438293457, -3.697418212890625, -1.8303309679031372, -2.8255584239959717, -1.8047233819961548, -2.530945301055908, -1.2943320274353027, -1.4888314008712769, -0.24182187020778656, -0.3789237439632416, 0.4997548460960388, -0.3736152946949005, 0.4479716420173645, -0.5483723878860474, 0.8824172616004944, 0.3448604941368103, 1.455375075340271, 0.5615894198417664, 1.248194932937622, 1.0217416286468506, 1.5501316785812378, 0.5637422800064087, 0.9466683268547058, 0.2463798075914383, 0.4359789490699768, -0.3594014644622803, 0.27218717336654663], "std": [233.77711486816406, 36.8403434753418, 28.754465103149414, 20.330495834350586, 18.82499122619629, 15.463764190673828, 14.009376525878906, 12.18372917175293, 10.313210487365723, 8.995828628540039, 8.437494277954102, 7.349220275878906, 7.217513561248779, 7.208064556121826, 7.340088844299316, 7.310249328613281, 7.204730987548828, 6.972379207611084, 7.077070713043213, 6.945018768310547, 7.055485248565674, 7.7284016609191895, 7.605581283569336, 7.727021217346191, 7.520686149597168, 7.2944159507751465, 7.031443119049072, 7.284856796264648, 7.438580513000488, 7.504123210906982, 7.472214698791504, 7.8719048500061035, 7.432079315185547, 8.060896873474121, 7.225757598876953, 7.067473411560059, 6.233578681945801, 6.1527862548828125, 5.614120960235596, 5.496545791625977]}