{"mean": [-592.947265625, -0.9221601486206055, 0.9689130187034607, 0.5890948176383972, -6.176489353179932, -6.639980792999268, -7.390043258666992, -7.272972583770752, -4.570689678192139, -3.857452392578125, -3.589308977127075, -2.383666515350342, -2.993381977081299, -2.197021245956421, -3.865805149078369, -1.9125341176986694, -2.873258352279663, -1.6034682989120483, -2.3628697395324707, -1.1021265983581543, -1.348544955253601, 0.08507540822029114, -0.2465692013502121, 0.7843955159187317, -0.35929930210113525, 0.6943373680114746, -0.3066599667072296, 1.101893663406372, 0.38775956630706787, 1.414729356765747, 0.45616960525512695, 1.1310545206069946, 0.7909561991691589, 1.3842335939407349, 0.33254119753837585, 0.7490247488021851, 0.11962270736694336, 0.40788915753364563, -0.43048202991485596, 0.13360324501991272, -0.6355227828025818, -0.08524847775697708, -0.5088857412338257, 0.20184585452079773, -0.37099689245224, 0.39611250162124634, -0.0857757180929184, 0.3287002444267273, -0.10846372693777084, 0.19118839502334595], "std": [235.21690368652344, 37.51236343383789, 30.126752853393555, 21.03628921508789, 19.37442970275879, 15.793150901794434, 14.527149200439453, 12.727950096130371, 10.386702537536621, 9.296187400817871, 8.96760082244873, 7.866450309753418, 8.091209411621094, 7.881086349487305, 7.923445701599121, 7.684484004974365, 7.704921722412109, 7.47460412979126, 7.60795783996582, 7.585259914398193, 7.631625652313232, 8.278800964355469, 8.158713340759277, 8.145353317260742, 7.692631244659424, 7.651704788208008, 7.423922061920166, 7.615004539489746, 7.536674499511719, 7.453911304473877, 7.307849884033203, 7.583515167236328, 7.2041120529174805, 7.645688533782959, 6.82192850112915, 6.811326503753662, 6.035384654998779, 5.774111270904541, 5.355077743530273, 5.318836688995361, 4.919243812561035, 4.946049690246582, 4.697080612182617, 5.0482401847839355, 4.884836196899414, 4.918455123901367, 4.5653533935546875, 4.334354400634766, 4.046191215515137, 3.972477912902832]}